TTR,vad_neg,vad_neu,vad_pos,FKE,SMOG,stop,wordlen,NB_pobj,NB_psubj,quotes,Exclaim,AllPunc,allcaps,cause,insight,cogmech,sad,inhib,certain,tentat,discrep,excl,incl,quant,number,swear,funct,ppron,pronoun,we,i,shehe,you,ipron,they,death,hear,feel,percept,filler,social,affect,posemo,negemo,anx,anger,assent,nonfl,verb,article,past,auxverb,future,present,preps,adverb,negate,conj,achieve,work,TTR_title,vad_neg_title,vad_neu_title,vad_pos_title,FKE_title,SMOG_title,stop_title,wordlen_title,WC_title,NB_pobj_title,NB_psubj_title,quotes_title,Exclaim_title,AllPunc_title,allcaps_title,cause_title,insight_title,cogmech_title,sad_title,inhib_title,certain_title,tentat_title,discrep_title,excl_title,incl_title,quant_title,number_title,swear_title,funct_title,ppron_title,pronoun_title,we_title,i_title,shehe_title,you_title,ipron_title,they_title,death_title,hear_title,feel_title,percept_title,filler_title,social_title,affect_title,posemo_title,negemo_title,anx_title,anger_title,assent_title,nonfl_title,verb_title,article_title,past_title,auxverb_title,future_title,present_title,preps_title,adverb_title,negate_title,conj_title,achieve_title
0.450251256281,0.117,0.774,0.109,11.9348,13.7025910202,0.330833700926,5.56954515491,0.7576399789364635,0.24236002106352772,0.0,0.132333480371,12.130569034,0.00838112042347,0.970445522717,1.01455668284,12.3070136745,0.264666960741,0.705778561976,0.838112042347,1.4997794442,1.45566828408,2.07322452581,4.54344949272,2.33789148655,0.529333921482,0.0,37.6268195854,1.67622408469,4.76400529334,0.661667401853,0.0,0.0441111601235,0.397000441112,3.08778120865,0.573445081606,0.088222320247,0.220555800618,0.0441111601235,0.308778120865,0.0441111601235,3.61711513013,3.22011468902,2.47022496692,0.7498897221,0.0441111601235,0.220555800618,0.617556241729,0.264666960741,6.04322893692,6.48434053816,1.10277900309,4.19056021173,0.7498897221,3.83767093075,12.6157917953,2.11733568593,1.58800176445,5.69033965593,1.76444640494,3.97000441112,0.941176470588,0.0,0.843,0.157,9.7812,3.0,0.277777777778,5.15384615385,18,0.914070656787815,0.08592934321218512,0.0,0.0,5.55555555556,0.0,0.0,0.0,5.55555555556,0.0,0.0,0.0,0.0,0.0,0.0,5.55555555556,0.0,0.0,0.0,38.8888888889,0.0,0.0,0.0,0.0,0.0,0.0,0.0,0.0,0.0,0.0,0.0,0.0,0.0,5.55555555556,0.0,0.0,0.0,0.0,0.0,0.0,0.0,0.0,16.6666666667,0.0,0.0,0.0,0.0,22.2222222222,0.0,0.0,0.0,0.0
